block	dtvm_ms	evmone_ms	geth_ms	revmc_ms	revm41_ms	revm42_ms
25817835	15.887	38.693	45.302	14.857	12.248	14.061
25817836	18.260	41.549	58.515	15.926	14.573	15.671
25817837	194.454	514.170	4433.520	155.592	153.443	161.807
25817838	185.381	411.099	3971.738	147.560	162.572	170.035
25817839	52.493	170.244	129.662	33.859	35.410	37.103
25817840	108.279	252.968	313.334	76.317	86.253	87.271
25817841	76.773	192.778	184.141	48.878	52.038	57.197
25817842	69.148	209.193	170.749	43.028	46.207	47.257
25817843	65.555	188.540	145.827	46.373	45.300	48.302
25817844	108.551	298.461	324.004	77.080	90.569	95.207
25817845	102.712	308.870	282.562	77.676	82.609	86.876
25817846	71.279	204.086	163.924	53.191	50.485	52.159
25817847	16.850	42.438	47.316	11.994	11.010	12.662
25817848	102.281	288.739	255.098	71.414	74.303	76.297
25817849	61.964	166.741	177.332	45.157	42.155	47.435
25817850	160.471	367.233	447.948	170.187	130.234	135.786
25817851	99.905	291.422	3973.958	86.041	73.018	77.736
25817852	154.473	305.075	4404.958	127.797	126.009	132.440
25817853	30.071	84.155	78.612	20.469	19.145	21.669
25817854	170.236	421.003	454.545	122.972	140.483	147.740
25817855	72.949	215.714	168.506	51.721	50.973	52.860
25817856	167.883	445.082	401.903	123.628	137.202	175.012
25817857	19.251	44.602	4245.488	14.473	13.340	14.180
25817858	11.479	25.077	43.771	8.357	7.431	8.499
25817859	126.243	313.622	4034.599	85.583	88.172	91.357
25817860	137.334	306.060	302.381	105.268	100.658	104.489
25817861	60.803	208.094	136.773	51.534	44.914	48.407
25817862	117.377	293.786	269.249	73.126	78.724	81.659
25817863	125.426	298.497	4152.407	102.704	99.831	153.196
25817864	62.754	176.902	168.483	39.687	42.409	43.555
25817865	49.975	157.193	122.939	29.591	32.901	34.667
25817866	101.695	285.598	252.342	73.273	73.291	77.172
25817867	40.187	102.702	116.838	27.850	25.688	26.616
25817868	175.929	544.000	412.474	130.329	127.644	139.610
25817869	73.242	196.704	168.629	50.543	51.151	53.768
25817870	62.175	150.189	4026.793	42.680	43.493	46.760
25817871	77.963	185.620	183.743	57.994	53.130	55.695
25817872	70.267	182.593	173.960	51.255	48.800	82.229
25817873	19.129	53.593	59.217	12.458	12.523	13.778
25817874	120.993	286.170	277.189	85.365	85.008	86.981
25817875	69.364	184.110	164.412	44.856	44.275	45.566
25817876	25.032	81.112	72.633	19.290	15.477	19.881
25817877	184.964	440.438	4344.546	144.844	157.521	169.832
25817878	111.934	248.940	4177.064	86.765	84.301	88.268
25817879	74.253	189.354	179.670	47.256	49.687	53.733
25817880	13.125	31.798	50.948	9.121	8.519	9.595
25817881	191.674	429.609	4502.046	136.549	149.693	159.171
25817882	38.888	116.799	104.944	22.430	23.788	29.689
25817883	199.413	537.814	4445.474	148.346	165.319	183.688
25817884	103.392	207.016	4360.645	74.940	77.682	89.671
25817885	121.214	277.096	4413.176	88.818	92.238	96.443
25817886	139.676	320.724	4183.759	112.007	115.542	123.599
25817887	97.456	216.969	4091.293	72.300	74.077	76.984
25817888	64.654	182.786	176.184	42.396	43.027	44.504
25817889	62.897	145.758	151.492	44.196	41.577	44.748
25817890	193.450	423.087	4434.672	143.235	167.363	173.577
25817891	79.680	208.096	204.598	54.428	58.706	62.548
25817892	67.013	157.797	169.444	45.031	47.855	52.158
25817893	169.193	457.190	4643.552	126.333	144.888	152.781
25817894	42.081	144.971	4414.805	27.369	29.038	30.906
25817895	95.263	203.436	199.534	68.684	67.632	73.080
25817896	91.928	264.498	205.714	60.676	64.042	65.575
25817897	24.286	87.481	65.880	13.935	14.735	22.973
25817898	122.286	323.628	317.057	75.703	85.153	90.580
25817899	157.227	352.488	424.530	108.378	126.284	132.658
25817900	95.287	312.211	246.539	60.316	66.169	69.710
25817901	86.100	195.052	203.853	61.007	60.838	62.497
25817902	78.756	196.988	190.561	54.298	55.411	59.008
25817903	74.860	225.962	179.887	53.260	54.219	59.482
25817904	11.409	35.427	36.236	8.944	7.642	8.670
25817905	148.609	440.693	332.866	100.514	107.486	110.738
25817906	66.147	182.753	165.556	40.191	44.835	48.589
25817907	61.119	175.039	160.403	37.225	39.404	43.938
25817908	40.666	126.379	109.851	24.177	27.077	33.565
25817909	98.992	284.198	221.702	64.071	69.865	72.223
25817910	117.606	273.009	354.836	76.382	95.626	102.642
25817911	29.725	97.907	83.969	19.207	19.274	31.191
25817912	17.056	32.191	43.530	15.817	12.619	13.295
25817913	191.709	388.613	4334.633	135.884	162.879	170.196
25817914	161.289	448.031	4524.906	116.104	123.278	128.040
25817915	86.488	270.334	202.683	53.270	59.285	69.999
25817916	127.850	318.151	294.760	92.267	91.871	99.897
25817917	87.493	230.282	242.162	59.337	64.910	72.968
25817918	71.170	243.050	188.050	44.596	48.038	50.897
25817919	74.693	202.524	156.195	46.027	50.710	55.828
25817920	89.445	227.225	4405.725	73.577	64.337	68.278
25817921	70.392	168.628	4355.744	47.694	51.813	55.020
25817922	51.286	180.450	130.748	31.222	33.214	35.120
25817923	27.504	96.752	67.731	14.611	17.432	18.170
25817924	21.660	56.422	73.630	14.441	14.948	16.598
25817925	55.157	190.295	131.203	33.016	37.376	47.220
25817926	174.537	363.313	4335.668	128.387	131.892	197.169
25817927	160.161	361.608	3942.970	121.597	125.480	134.392
25817928	120.918	286.634	4375.309	89.970	91.910	120.165
25817929	29.244	92.786	82.085	20.047	20.899	22.238
25817930	51.903	196.907	133.902	26.216	33.168	34.424
25817931	77.488	201.149	144.819	67.715	67.196	77.954
25817932	56.841	188.336	135.992	30.896	36.043	38.740
25817933	190.690	525.427	378.886	167.234	134.269	141.029
25817934	63.142	201.991	129.867	64.998	43.166	47.031
25817935	245.105	548.238	4552.629	182.611	192.584	210.698
25817936	128.291	360.420	4306.559	97.261	98.274	125.722
25817937	12.077	29.162	34.046	7.938	7.881	9.110
25817938	124.474	338.933	315.981	79.265	87.693	91.152
25817939	94.557	262.181	204.317	55.857	63.766	67.420
25817940	103.770	226.399	4348.383	75.402	77.803	83.588
25817941	104.563	222.831	4185.145	80.263	80.198	86.182
25817942	119.090	279.789	3992.478	86.132	90.933	103.120
25817943	85.216	174.992	4112.843	62.586	67.219	69.480
25817944	94.608	175.273	4376.191	68.086	73.580	79.033
25817945	126.204	313.367	4426.578	89.624	94.006	99.064
25817946	85.202	278.194	262.361	47.408	66.101	77.239
25817947	66.093	188.725	144.303	39.757	42.326	44.731
25817948	55.161	144.581	144.998	32.102	36.549	38.154
25817949	32.041	151.196	90.820	16.784	23.708	24.088
25817950	34.582	100.459	99.607	20.671	21.997	23.512
25817951	203.820	485.066	392.659	147.763	153.944	162.067
25817952	84.295	251.834	193.464	50.040	60.399	63.889
25817953	133.542	311.516	264.264	90.990	102.224	106.774
25817954	82.028	208.975	192.547	46.851	54.790	61.400
25817955	174.994	388.300	428.011	118.535	146.940	177.504
25817956	105.916	358.955	250.599	67.105	79.173	83.796
25817957	68.243	199.575	162.587	40.676	47.747	51.160
25817958	17.892	51.827	52.742	11.293	10.791	12.788
25817959	163.744	430.226	437.505	98.320	135.357	140.110
25817960	131.003	332.656	259.948	85.895	90.566	95.535
25817961	80.472	200.969	179.405	48.206	54.400	56.830
25817962	87.333	236.903	202.374	50.287	58.054	60.318
25817963	108.689	246.071	223.348	75.019	78.829	81.081
25817964	106.593	302.136	250.179	69.387	77.917	91.104
25817965	96.262	287.178	251.135	56.655	70.058	72.947
25817966	51.395	195.716	130.540	26.236	34.843	36.985
25817967	175.932	457.460	256.966	129.004	137.111	142.394
25817968	101.863	315.847	4026.457	61.741	69.920	74.093
25817969	65.148	160.944	156.563	36.905	42.014	44.466
25817970	59.100	190.594	150.147	32.328	37.557	39.282
25817971	103.919	251.106	218.110	67.237	71.830	88.606
25817972	64.650	202.750	141.373	41.485	43.634	52.034
25817973	88.997	235.395	176.346	56.450	62.186	65.950
25817974	75.979	229.716	167.892	47.281	53.200	57.028
25817975	76.171	208.161	210.471	50.622	56.268	59.639
25817976	116.579	492.024	281.078	61.703	86.960	92.202
25817977	61.534	165.329	169.511	36.693	41.934	44.214
25817978	119.308	298.501	264.886	79.318	89.559	95.327
25817979	120.447	293.888	281.643	78.973	86.631	92.175
25817980	68.244	173.343	193.437	41.941	44.532	47.437
25817981	100.387	234.818	228.604	62.708	69.654	107.474
25817982	61.719	145.901	166.023	38.699	42.050	44.682
25817983	104.529	276.094	243.565	72.551	71.057	98.660
25817984	58.146	168.018	151.558	33.814	40.229	43.268
25817985	120.425	293.186	253.759	78.567	83.731	90.628
25817986	23.567	64.104	71.827	13.561	14.501	15.794
25817987	146.279	389.468	287.093	140.408	109.096	132.820
25817988	73.010	169.166	175.238	57.415	47.899	53.900
25817989	70.748	242.004	178.592	39.661	45.665	47.558
25817990	70.465	163.710	160.196	46.619	50.311	51.865
25817991	25.209	58.828	74.615	15.998	17.803	21.025
25817992	119.160	281.822	4424.848	74.005	85.357	91.984
25817993	26.323	62.825	68.273	15.586	17.218	20.891
25817994	7.566	25.590	29.244	4.208	4.701	5.328
25817995	164.069	443.376	354.866	103.765	116.992	121.791
25817996	126.040	283.208	4035.664	86.718	96.000	136.417
25817997	65.871	172.253	180.266	42.897	44.227	52.447
25817998	95.809	243.348	4496.778	70.200	71.807	122.989
25817999	111.138	220.751	4306.338	88.424	88.894	95.650
25818000	72.925	180.133	4200.589	55.503	57.858	60.489
25818001	119.713	232.384	4082.474	92.331	96.998	102.914
25818002	122.119	263.911	4067.776	97.061	100.881	176.758
25818003	75.801	188.608	179.614	45.498	53.527	56.302
25818004	89.390	183.773	4309.153	66.915	66.859	69.952
25818005	94.395	198.240	4191.244	68.763	73.721	78.155
25818006	90.406	166.332	3823.726	66.956	69.591	74.595
25818007	125.667	245.568	4118.809	96.499	101.062	106.961
25818008	56.135	124.543	144.490	34.655	39.848	43.510
25818009	60.347	153.645	137.047	40.068	41.855	45.450
25818010	44.917	105.036	129.497	34.421	34.668	35.946
25818011	72.346	173.485	3940.826	43.828	49.747	53.203
25818012	20.523	51.791	69.436	12.841	14.017	15.567
25818013	111.172	265.137	242.196	68.012	77.426	82.891
25818014	47.844	103.566	3942.722	38.640	39.512	41.913
25818015	127.282	345.373	301.866	81.738	94.616	99.607
25818016	102.109	263.104	241.969	66.468	73.680	81.023
25818017	32.121	71.848	4064.110	25.205	25.220	26.840
25818018	135.899	453.473	303.022	82.388	97.136	99.445
25818019	151.077	297.737	4146.706	115.137	119.910	128.152
25818020	127.561	288.074	4236.253	92.362	97.637	105.022
25818021	78.567	190.787	180.857	67.275	55.545	60.543
25818022	95.049	278.020	227.772	64.700	66.919	77.924
25818023	244.859	488.614	4574.872	197.878	214.530	233.578
25818024	98.292	242.826	235.772	60.293	68.514	73.310
25818025	163.277	298.070	4260.507	129.256	130.771	139.956
25818026	89.590	295.457	201.280	56.965	63.130	106.798
25818027	73.713	203.422	164.085	48.274	48.139	73.765
25818028	61.231	129.889	132.914	38.889	41.785	48.516
25818029	48.210	151.842	147.503	27.183	32.535	36.231
25818030	24.016	51.996	64.657	16.715	17.622	19.192
25818031	92.662	219.411	245.961	58.885	65.870	72.523
25818032	148.933	354.024	297.381	99.281	111.442	118.986
25818033	73.616	182.557	168.566	45.723	50.801	53.188
25818034	84.302	198.515	182.876	59.591	60.113	64.943
25818035	62.159	129.542	146.185	38.851	43.044	43.428
25818036	66.355	160.041	160.313	40.890	46.429	63.077
25818037	37.217	92.525	99.185	22.170	23.536	25.985
25818038	90.676	227.008	241.604	54.759	65.477	67.956
25818039	68.360	157.218	153.674	38.311	44.676	47.782
25818040	111.353	277.263	4328.846	71.308	83.661	89.645
25818041	88.208	242.773	192.624	55.844	63.187	66.421
25818042	98.148	300.668	4340.594	65.315	72.881	77.735
25818043	83.760	217.406	223.466	47.213	60.213	67.758
25818044	87.602	231.656	204.851	48.931	58.823	61.611
25818045	99.752	260.137	4351.578	61.973	76.340	79.490
25818046	14.935	39.412	54.124	9.965	10.905	11.389
25818047	60.240	169.269	158.075	31.258	40.197	41.228
25818048	145.352	330.271	327.068	89.245	107.844	122.356
25818049	108.306	276.545	4024.787	68.704	78.538	101.587
25818050	86.957	213.152	182.406	52.344	60.554	65.309
25818051	72.694	199.458	192.234	44.682	52.101	56.845
25818052	87.226	204.037	203.380	52.160	61.903	70.797
25818053	78.900	198.586	189.298	47.643	56.793	59.942
25818054	67.749	190.755	190.801	36.139	47.106	51.466
25818055	80.460	182.721	203.070	50.613	57.334	63.313
25818056	76.989	184.141	193.202	46.329	53.992	77.967
25818057	98.881	228.898	3726.118	69.313	76.470	80.200
25818058	10.930	34.012	34.818	6.957	7.386	8.433
25818059	123.598	290.190	269.659	76.491	91.452	99.035
25818060	10.096	28.644	40.749	6.107	6.826	7.537
25818061	119.003	308.087	245.511	70.862	85.324	90.647
25818062	76.045	213.485	185.025	45.158	50.745	54.295
25818063	86.224	217.138	206.329	49.328	57.565	62.573
25818064	84.644	246.133	207.414	51.912	59.922	64.564
25818065	76.559	194.089	151.579	56.305	56.531	65.796
25818066	132.683	304.048	320.483	87.644	98.460	104.230
25818067	81.033	197.729	200.853	51.481	60.124	62.609
25818068	86.716	221.497	230.323	51.483	63.019	64.981
25818069	109.910	239.440	228.893	71.779	81.962	85.764
25818070	69.773	189.320	185.292	38.156	47.670	49.172
25818071	69.976	176.097	168.819	41.307	46.275	49.022
25818072	64.661	182.698	155.493	33.224	40.782	44.352
25818073	77.791	173.578	203.981	44.900	52.928	56.375
25818074	75.656	186.666	209.094	46.544	55.778	61.615
25818075	95.472	238.003	3823.006	58.095	68.838	73.795
25818076	103.568	230.037	4407.426	69.377	79.560	84.489
25818077	93.454	257.519	222.717	55.681	66.317	71.788
25818078	90.201	216.931	214.908	52.864	62.027	66.872
25818079	151.266	261.006	4382.057	123.049	124.899	138.222
25818080	76.906	233.262	217.786	47.291	55.781	59.236
25818081	9.698	24.610	38.599	5.650	6.391	11.549
25818082	160.862	416.922	4247.431	113.684	129.449	138.925
25818083	85.270	207.266	193.239	53.857	61.018	62.878
25818084	73.224	165.553	166.411	46.490	53.062	56.070
25818085	73.206	177.024	157.431	46.425	53.992	56.372
25818086	65.218	199.825	148.572	37.024	43.430	49.153
25818087	60.269	182.750	150.972	34.962	40.618	42.999
25818088	76.747	243.334	174.601	42.406	51.421	55.796
25818089	72.501	201.517	182.060	44.638	53.339	60.286
25818090	50.341	151.121	124.455	27.137	32.784	36.061
25818091	28.895	59.526	85.699	20.942	22.788	25.791
25818092	106.395	249.731	238.872	64.876	74.563	123.547
25818093	57.019	156.251	135.071	32.443	37.790	41.708
25818094	56.828	125.204	123.400	36.639	39.794	49.482
25818095	129.099	268.076	4247.803	91.445	101.291	110.385
25818096	88.793	221.319	206.125	62.655	63.184	66.308
25818097	14.917	36.165	49.429	8.738	9.259	11.040
25818098	123.619	269.209	272.614	81.826	90.106	100.023
25818099	14.037	31.995	39.359	9.563	9.831	11.215
25818100	37.364	97.312	114.033	19.968	24.541	40.386
25818101	17.615	66.282	46.775	8.428	11.142	18.621
25818102	107.923	322.983	261.961	60.215	75.744	80.521
25818103	64.756	250.938	179.206	31.382	44.647	48.971
25818104	12.035	34.296	32.983	5.427	7.300	8.425
25818105	72.531	253.696	187.000	34.462	48.317	51.629
25818106	140.048	545.292	333.811	71.480	96.944	100.488
25818107	105.249	458.171	299.486	53.955	82.687	90.422
25818108	44.666	243.489	120.655	21.646	32.193	33.501
25818109	129.067	516.892	367.759	64.030	105.592	108.104
25818110	155.753	614.933	368.527	70.371	97.549	107.216
25818111	99.912	300.998	194.683	60.863	72.030	76.381
25818112	29.849	110.361	82.582	14.481	19.908	20.788
25818113	159.377	511.334	347.914	87.577	111.847	117.630
25818114	217.180	577.882	405.670	136.210	159.374	187.873
25818115	64.799	263.179	173.623	37.595	43.806	73.391
25818116	72.191	166.978	120.412	52.351	57.669	62.073
25818117	37.259	98.284	76.831	22.986	27.473	29.737
25818118	92.910	286.302	184.349	59.213	67.986	114.082
25818119	82.121	253.444	174.442	50.834	60.186	64.047
25818120	160.045	399.856	379.153	103.996	116.702	128.053
25818121	218.713	512.832	417.964	139.155	160.664	211.435
25818122	107.872	288.309	212.356	59.738	71.407	120.821
25818123	198.644	560.716	3985.020	118.377	143.355	156.446
25818124	163.507	459.330	4110.163	98.157	117.632	121.506
25818125	117.533	334.802	4103.662	67.333	82.988	88.850
25818126	182.899	715.887	405.622	96.632	134.967	139.956
25818127	174.957	586.806	311.827	96.254	121.424	127.852
25818128	97.458	362.056	211.504	56.138	68.496	72.760
25818129	73.519	252.591	173.400	35.696	46.706	52.883
25818130	158.435	545.597	357.210	87.139	110.769	114.726
25818131	55.546	152.515	151.811	29.104	35.127	39.229
25818132	166.270	378.875	307.529	112.317	123.284	139.309
25818133	81.530	296.787	173.115	44.897	54.439	57.418
25818134	253.034	663.510	4312.996	183.587	207.459	220.255
25818135	220.238	547.823	4039.395	145.016	162.301	252.159
25818136	44.100	144.638	120.978	23.789	28.114	42.414
25818137	154.322	458.205	4020.657	103.798	115.978	127.008
25818138	47.799	155.689	122.244	26.258	31.503	53.541
25818139	138.361	343.794	267.836	127.889	95.484	156.294
25818140	239.755	543.912	4267.317	173.850	187.410	220.851
25818141	97.861	281.290	4233.634	67.605	73.622	79.645
25818142	184.868	382.201	4373.682	133.194	145.438	164.132
25818143	114.278	219.410	4126.714	83.574	90.555	158.692
25818144	162.374	382.231	4310.719	111.208	124.121	212.629
25818145	64.388	155.257	4334.838	45.879	49.114	56.595
25818146	150.302	384.679	4619.497	99.956	113.798	118.809
25818147	114.319	259.212	4194.485	76.473	85.755	93.762
25818148	121.391	283.248	3995.457	84.195	96.736	126.192
25818149	135.241	325.013	4213.672	90.839	103.046	142.211
25818150	101.852	213.977	3907.720	72.176	79.249	85.524
25818151	75.081	211.053	4146.356	52.166	57.874	59.936
25818152	146.629	332.310	4215.882	97.663	110.564	118.245
25818153	107.752	294.014	4316.306	72.889	80.554	86.775
25818154	46.211	170.388	103.904	25.485	30.388	36.053
25818155	158.778	356.290	4143.950	118.108	130.433	141.269
25818156	82.977	192.126	3963.670	59.239	64.735	105.518
25818157	105.283	313.619	3842.355	64.159	76.466	111.930
25818158	53.758	151.602	122.879	28.851	35.300	39.464
25818159	90.785	248.440	184.393	51.886	62.523	100.755
25818160	91.344	249.877	204.391	54.046	63.391	103.521
25818161	75.461	206.885	189.179	45.013	52.290	87.842
25818162	112.653	346.777	239.229	70.664	81.789	129.376
25818163	126.125	328.127	220.642	85.619	96.289	101.040
25818164	56.716	193.765	125.175	37.910	37.695	57.829
25818165	67.368	188.140	4220.044	39.185	46.341	63.822
25818166	79.582	214.809	161.236	46.574	55.700	58.510
25818167	157.126	522.525	3948.428	99.703	118.193	138.059
25818168	44.417	115.996	109.191	27.584	31.705	56.183
25818169	50.329	111.813	147.474	31.692	34.833	61.321
25818170	175.780	436.922	378.138	107.141	125.199	206.818
25818171	76.784	266.566	172.703	45.959	52.732	57.770
25818172	59.387	213.000	128.084	48.988	37.981	44.788
25818173	63.211	189.330	140.040	57.883	42.064	44.527
25818174	214.853	555.321	4042.500	152.622	164.856	178.704
25818175	131.007	377.009	268.810	85.890	98.748	114.512
25818176	50.350	187.860	124.014	30.267	37.972	59.996
25818177	113.953	353.621	277.080	67.317	83.291	95.044
25818178	84.238	323.610	182.328	47.320	61.827	70.803
25818179	49.786	213.954	110.138	26.991	36.327	38.959
25818180	153.193	431.281	308.118	93.573	114.256	138.594
25818181	112.800	280.558	4040.357	70.314	82.505	142.702
25818182	31.257	101.898	77.260	16.437	20.056	33.729
25818183	181.127	496.396	4147.311	126.014	142.493	233.597
25818184	70.851	210.251	159.565	39.995	49.470	54.319
25818185	114.800	402.625	244.248	68.024	83.323	117.260
25818186	113.634	306.869	3980.678	75.760	85.165	92.040
25818187	22.366	57.726	4073.681	15.668	16.751	20.011
25818188	26.848	79.634	72.484	15.221	17.614	29.992
25818189	183.175	484.878	4078.961	116.700	140.327	230.923
25818190	122.598	295.904	4139.716	85.671	95.349	111.497
25818191	76.784	199.561	4333.256	56.081	60.962	92.535
25818192	162.876	368.938	4146.429	109.890	123.710	188.185
25818193	235.296	581.355	4502.926	176.035	200.201	212.381
25818194	68.304	154.935	4256.660	49.197	56.092	88.101
25818195	94.429	250.880	232.222	53.443	68.680	74.495
25818196	212.121	497.177	4401.636	143.973	163.105	176.050
25818197	44.919	89.377	4043.638	36.090	38.147	42.543
25818198	72.819	262.575	193.332	36.857	49.521	82.561
25818199	139.563	365.617	297.077	78.703	97.818	157.984
25818200	56.286	120.029	4215.979	44.818	46.530	75.991
25818201	164.367	448.938	356.312	97.541	120.202	193.567
25818202	133.877	332.270	4231.133	81.770	97.545	154.505
25818203	16.006	39.653	41.125	10.884	11.683	19.520
25818204	144.322	440.879	308.071	87.846	107.815	129.211
25818205	25.557	49.008	47.241	19.703	20.514	23.803
25818206	129.210	379.965	259.006	77.151	91.868	158.716
25818207	17.826	37.428	36.181	12.547	13.127	15.725
25818208	106.746	374.098	246.038	61.430	76.460	86.814
25818209	39.471	110.239	92.255	20.841	25.022	31.421
25818210	163.693	309.780	4381.011	124.841	133.703	139.882
25818211	93.362	137.466	3905.888	89.961	88.152	94.705
25818212	238.126	623.260	4186.541	182.319	200.827	216.550
25818213	49.222	128.913	101.587	28.303	33.648	37.302
25818214	134.246	374.955	302.482	79.454	94.800	104.029
25818215	30.991	79.356	79.541	17.209	20.541	23.199
25818216	148.720	434.215	338.283	88.652	101.633	112.362
25818217	42.888	115.379	95.594	30.515	32.924	56.167
25818218	94.643	325.105	228.011	54.258	67.702	72.470
25818219	106.642	340.103	230.140	60.894	72.946	78.274
25818220	75.294	274.307	192.472	39.645	52.112	88.038
25818221	97.001	305.424	208.290	58.536	70.819	121.350
25818222	41.715	115.076	98.095	21.971	26.274	42.848
25818223	136.703	318.196	4429.578	88.828	102.134	156.179
25818224	97.799	261.431	209.198	55.525	67.489	115.870
25818225	50.088	170.026	115.387	26.861	31.982	55.487
25818226	118.227	304.793	246.147	74.092	85.053	138.723
25818227	55.543	170.240	4116.346	34.403	38.840	44.285
25818228	167.376	627.298	416.837	94.995	133.446	213.527
25818229	64.523	180.967	162.571	35.452	43.144	74.923
25818230	111.773	313.633	237.982	69.199	78.576	96.730
25818231	36.620	98.946	105.370	19.061	23.030	27.582
25818232	182.388	528.792	3997.068	133.658	148.380	170.983
25818233	85.442	243.486	215.482	48.326	58.972	66.892
25818234	128.419	311.844	213.902	87.433	100.501	147.792
25818235	71.845	179.597	170.512	42.374	49.057	48.068
25818236	80.158	215.578	193.578	46.357	54.798	54.407
25818237	28.745	112.611	86.335	15.724	18.372	18.519
25818238	93.022	313.887	216.596	52.556	63.167	63.830
25818239	81.892	217.076	172.933	52.326	58.562	59.594
25818240	76.911	201.299	168.330	45.343	53.055	53.368
25818241	115.056	322.650	4037.510	78.387	86.050	86.777
25818242	92.916	329.113	221.135	54.874	64.477	65.268
25818243	71.257	235.267	147.839	42.623	50.241	50.804
25818244	114.650	281.296	236.779	78.290	87.441	88.110
25818245	103.393	231.541	151.810	73.097	79.394	81.056
25818246	132.370	355.159	270.638	82.684	97.226	97.881
25818247	79.565	242.512	182.508	51.233	55.810	57.813
25818248	72.850	234.793	176.501	44.589	49.011	50.668
25818249	73.171	193.574	159.339	40.062	49.023	50.946
25818250	88.830	258.392	195.955	49.591	62.343	63.168
25818251	44.703	136.855	113.974	24.691	29.878	30.895
25818252	111.990	390.938	241.872	66.502	80.132	83.425
25818253	92.515	259.890	224.850	51.970	64.013	64.377
25818254	72.278	206.604	176.281	41.773	50.087	51.381
25818255	142.662	371.426	4038.512	87.845	99.946	104.287
25818256	73.469	244.103	160.060	44.663	50.553	51.382
25818257	9.725	31.436	35.087	6.274	6.588	6.896
25818258	59.099	243.694	144.601	30.772	38.844	39.587
25818259	126.754	360.921	3935.816	83.138	94.757	96.916
25818260	130.195	377.639	286.260	82.174	94.292	98.504
25818261	49.306	88.353	3679.165	41.245	41.907	43.427
25818262	49.093	183.127	124.284	26.647	32.280	33.035
25818263	224.827	534.351	4453.217	151.735	171.241	171.710
25818264	153.817	383.701	4078.355	103.628	116.770	118.452
25818265	79.816	243.855	181.208	44.637	54.006	54.558
25818266	70.638	221.348	143.147	41.999	51.245	52.153
25818267	142.972	433.440	304.716	93.827	106.925	108.384
25818268	9.894	29.345	35.024	5.485	5.754	6.353
25818269	107.807	325.414	243.862	102.991	76.188	75.917
25818270	92.784	243.589	4018.619	89.464	64.524	64.738
25818271	90.531	260.992	200.719	55.755	65.962	67.226
25818272	55.084	144.347	125.306	31.605	35.902	36.375
25818273	110.159	270.183	247.761	67.510	76.925	76.987
25818274	37.113	119.500	75.907	23.984	26.619	27.179
25818275	51.148	169.455	112.417	28.957	34.141	34.638
25818276	120.624	328.313	279.244	78.234	86.599	89.997
25818277	69.224	193.258	178.298	39.305	47.371	49.781
25818278	70.744	247.225	147.244	42.776	51.281	52.180
25818279	85.730	229.876	203.147	53.994	60.620	62.243
25818280	83.223	227.172	206.561	52.187	60.148	61.525
25818281	37.646	123.293	100.170	19.738	23.391	24.339
25818282	54.730	192.987	144.914	28.966	37.414	37.720
25818283	146.599	359.291	309.317	88.049	103.810	103.622
25818284	74.353	208.503	184.064	44.864	51.850	52.421
25818285	58.978	194.915	4206.377	36.663	42.846	43.897
25818286	96.896	222.944	226.343	61.881	69.772	77.640
25818287	70.105	252.060	186.507	42.039	50.442	50.724
25818288	79.027	201.260	181.860	51.365	53.223	54.461
25818289	54.473	209.519	121.593	31.216	38.112	39.822
25818290	105.303	250.062	240.587	66.569	75.696	75.614
25818291	105.186	299.547	246.123	66.362	77.570	80.745
25818292	76.666	203.717	182.581	46.688	54.927	56.131
25818293	56.065	182.493	128.647	33.491	39.154	40.438
25818294	104.266	248.885	231.513	64.893	75.925	76.051
25818295	52.272	161.475	118.898	28.681	35.368	35.682
25818296	118.045	291.652	4434.695	80.875	89.315	89.774
25818297	19.701	53.093	60.659	13.799	13.961	15.167
25818298	61.698	201.234	160.688	33.715	40.457	41.560
25818299	140.603	484.361	341.275	82.612	112.140	112.093
25818300	25.825	73.150	4177.699	15.685	17.952	18.606
25818301	55.450	159.432	142.760	33.788	38.090	39.163
25818302	204.889	587.830	381.008	140.159	155.939	160.221
25818303	49.289	152.294	119.652	27.717	32.436	33.044
25818304	111.069	299.554	282.697	69.223	80.204	81.515
25818305	71.344	205.616	164.257	42.415	48.647	49.534
25818306	77.426	190.185	168.877	47.468	52.786	53.849
25818307	55.385	134.090	114.934	36.874	40.663	44.595
25818308	119.295	293.718	284.440	77.120	89.240	89.883
25818309	28.407	90.347	77.587	15.503	18.727	19.497
25818310	149.475	522.555	297.943	95.981	111.350	111.693
25818311	105.319	265.520	237.617	65.572	74.695	84.220
25818312	90.919	256.815	189.767	51.645	61.041	61.381
25818313	32.737	134.164	85.334	17.200	20.673	21.191
25818314	128.520	321.902	266.072	78.630	91.320	92.167
25818315	145.779	471.122	309.536	97.684	108.742	110.911
25818316	110.963	255.784	4155.164	74.321	82.080	84.728
25818317	79.342	235.767	212.612	63.964	61.036	61.696
25818318	115.589	318.254	240.196	76.683	82.786	83.783
25818319	64.263	162.674	146.627	39.452	44.733	45.441
25818320	67.304	197.122	149.541	49.789	47.818	48.276
25818321	102.673	322.882	260.937	63.208	72.561	73.677
25818322	64.692	156.808	154.705	42.408	45.574	46.002
25818323	119.882	293.253	253.786	75.386	83.399	84.692
25818324	115.207	229.673	4335.836	79.156	87.661	90.873
25818325	68.272	151.558	4158.227	47.194	51.244	52.059
25818326	46.982	139.638	118.865	27.326	31.938	32.412
25818327	72.301	224.656	171.313	40.349	50.281	51.409
25818328	166.038	410.914	4220.032	107.557	123.942	123.855
25818329	179.565	390.174	3966.167	117.664	130.925	139.021
25818330	109.367	217.870	4353.978	75.561	83.382	85.785
25818331	93.222	214.951	4029.402	63.126	70.596	71.972
25818332	118.211	273.171	4011.198	80.411	89.754	92.581
25818333	85.129	202.015	4225.373	57.252	64.718	66.071
25818334	34.301	71.553	104.835	21.496	24.714	25.256
25818335	186.023	528.001	4336.914	133.083	143.343	141.626
25818336	125.888	345.979	4481.171	86.248	94.546	96.372
25818337	103.588	283.895	4292.771	73.480	79.938	80.021
25818338	129.530	301.513	4417.591	90.431	99.532	99.622
25818339	12.755	27.737	38.814	7.770	7.778	8.199
25818340	160.154	436.357	4475.346	109.045	121.649	125.296
25818341	116.644	280.632	4333.366	81.547	91.325	93.183
25818342	38.514	141.382	97.795	24.265	26.969	27.465
25818343	228.606	512.881	4506.487	164.506	178.751	180.198
25818344	75.039	170.068	4286.640	55.908	58.922	61.241
25818345	133.145	375.604	4489.903	89.368	98.866	104.566
25818346	87.141	227.586	4002.163	63.588	66.335	66.356
25818347	23.829	75.870	62.256	12.547	14.935	16.084
25818348	60.814	149.430	145.090	37.830	41.639	46.108
25818349	68.084	229.425	167.169	38.395	45.439	45.862
25818350	151.899	327.407	4276.417	106.705	115.234	115.879
25818351	113.307	306.498	4423.878	88.128	89.687	95.732
25818352	126.204	279.952	278.996	80.118	89.011	95.064
25818353	37.922	116.077	101.420	21.206	24.767	25.188
25818354	27.194	104.600	79.359	13.840	17.070	17.452
25818355	171.979	490.792	358.076	106.394	123.216	122.964
25818356	146.028	363.038	300.427	95.958	109.112	109.701
25818357	81.044	228.601	197.071	48.573	56.119	56.471
25818358	88.247	232.869	191.561	53.588	61.520	61.963
25818359	115.250	364.561	270.095	70.217	81.729	81.682
25818360	70.169	212.432	175.181	55.673	51.158	51.688
25818361	31.990	77.354	84.735	30.123	22.339	29.716
25818362	171.873	668.919	394.383	126.921	130.107	130.108
25818363	62.070	183.632	141.177	36.814	41.954	42.595
25818364	121.997	287.606	284.398	78.755	90.936	89.862
25818365	18.518	51.546	46.635	9.805	11.343	12.325
25818366	87.566	286.169	194.040	52.210	61.820	61.707
25818367	135.402	312.471	4343.948	87.139	96.915	100.068
25818368	29.352	60.032	4104.760	23.071	24.033	24.484
25818369	62.575	164.186	129.094	36.910	42.095	42.839
25818370	52.533	165.128	120.898	27.664	33.246	33.386
25818371	154.807	471.349	325.082	101.357	117.925	120.225
25818372	116.979	344.881	245.888	66.348	82.647	82.270
25818373	164.760	462.506	4155.724	108.532	119.241	121.232
25818374	64.826	206.326	162.231	38.172	44.622	45.463
25818375	83.452	239.252	204.474	48.851	56.943	57.856
25818376	117.024	279.565	256.450	67.674	80.919	81.265
25818377	38.897	135.681	101.477	20.366	25.057	25.740
25818378	112.940	406.527	245.416	67.463	79.994	80.968
25818379	142.800	564.261	324.105	88.104	109.756	111.521
25818380	66.629	157.972	169.751	39.590	46.039	48.621
25818381	22.012	42.725	3930.790	15.129	16.361	17.134
25818382	43.453	63.242	3721.238	36.146	37.703	38.289
25818383	149.281	359.983	4340.456	96.324	112.912	116.147
25818384	159.654	410.884	3964.538	108.894	120.801	126.836
25818385	68.375	147.972	4388.637	46.477	52.443	54.352
25818386	69.717	143.507	4292.779	48.692	53.411	55.439
25818387	256.012	557.853	4638.768	184.888	206.182	215.054
25818388	67.599	200.642	139.069	40.147	45.907	47.214
25818389	83.315	178.876	4273.136	57.601	63.671	66.042
25818390	65.932	136.752	4315.707	50.274	52.633	55.247
25818391	203.240	530.035	4336.627	137.664	150.918	156.805
25818392	140.636	310.978	4353.738	91.788	105.202	107.366
25818393	142.574	335.155	3782.084	97.139	109.184	111.120
25818394	74.953	202.455	160.796	45.316	51.249	52.298
25818395	77.626	191.927	160.605	49.996	54.333	58.660
25818396	95.447	262.530	231.773	58.120	65.673	66.809
25818397	77.205	225.031	171.327	44.413	51.987	53.388
25818398	110.229	281.847	204.244	66.343	77.222	80.965
25818399	18.806	53.954	61.538	10.498	11.503	19.753
25818400	136.925	321.875	257.170	89.631	97.978	121.824
25818401	88.944	254.134	208.218	51.939	58.981	60.864
25818402	89.034	220.555	196.366	58.614	63.623	64.910
25818403	124.362	260.466	4356.754	94.367	99.861	102.518
25818404	117.860	292.594	4147.146	79.131	87.383	89.646
25818405	112.439	246.305	4338.378	76.555	84.526	85.592
25818406	56.537	121.489	4262.865	43.261	45.809	47.266
25818407	228.297	474.318	3978.685	189.675	199.533	206.231
25818408	52.878	154.974	120.843	30.559	36.520	37.930
25818409	35.960	108.711	103.828	20.346	23.238	24.004
25818410	118.885	315.162	256.825	73.236	85.729	87.927
25818411	92.813	217.105	227.358	57.266	66.689	68.943
25818412	62.512	163.864	162.824	34.888	42.167	43.262
25818413	55.571	168.472	137.031	30.730	37.192	38.093
25818414	117.580	345.588	272.004	68.366	83.924	85.321
25818415	80.049	212.898	210.028	48.656	56.971	58.918
25818416	48.235	182.423	122.087	29.121	35.267	38.435
25818417	123.230	386.904	274.462	74.023	88.657	92.968
25818418	130.157	227.364	4390.221	96.921	103.965	107.232
25818419	92.901	235.318	4322.655	57.541	64.151	67.243
25818420	91.458	235.507	192.335	59.296	64.670	67.400
25818421	56.794	162.412	132.128	32.357	38.242	39.368
25818422	85.709	197.085	4066.656	54.641	61.007	62.392
25818423	54.650	175.585	119.373	31.865	37.071	38.110
25818424	145.172	415.900	3964.735	107.623	112.729	116.157
25818425	67.943	253.776	184.289	36.737	49.164	51.323
25818426	55.099	171.037	131.669	29.923	35.816	38.183
25818427	164.802	447.242	4234.178	120.005	132.125	135.161
25818428	28.991	96.099	71.102	16.685	18.559	19.905
25818429	183.677	362.715	3911.997	135.444	146.684	149.621
25818430	107.243	216.250	4323.827	75.013	82.651	86.453
25818431	93.142	346.857	221.910	49.574	65.524	68.982
25818432	90.719	249.432	183.413	52.184	64.062	65.610
25818433	144.988	443.511	334.820	83.715	101.722	103.614
25818434	70.052	260.594	165.488	42.229	49.278	53.373
25818435	105.443	277.489	211.254	67.335	73.831	74.917
25818436	96.145	235.741	3907.267	60.488	70.238	71.174
25818437	64.658	169.940	137.248	40.291	45.893	45.736
25818438	198.045	445.903	4367.872	136.955	150.391	151.789
25818439	85.858	215.748	162.205	52.906	59.387	61.650
25818440	111.839	288.465	236.722	68.132	79.028	81.349
25818441	74.730	184.023	193.667	44.309	49.619	49.521
25818442	85.699	237.792	185.855	54.650	60.980	63.504
25818443	76.945	238.782	163.625	48.725	54.258	56.735
25818444	64.058	213.752	146.296	35.577	43.327	43.568
25818445	91.305	217.312	220.929	58.226	64.206	66.201
25818446	62.919	223.511	151.907	34.910	40.250	40.876
25818447	87.535	244.459	196.475	49.193	58.735	60.456
25818448	67.321	207.148	166.228	38.689	43.509	44.586
25818449	15.994	48.937	56.349	10.965	10.366	11.214
25818450	101.555	277.481	3946.034	65.653	74.292	74.259
25818451	9.407	29.081	36.041	6.309	6.238	6.738
25818452	171.387	399.496	4407.417	113.995	126.077	132.980
25818453	110.499	225.121	4443.828	82.596	87.039	88.991
25818454	116.829	278.700	3967.606	89.517	93.711	95.595
25818455	98.590	273.518	4159.751	67.087	72.959	74.114
25818456	33.477	87.700	83.119	18.177	21.461	22.272
25818457	256.528	537.522	4518.793	204.946	216.678	224.608
25818458	107.423	303.043	4258.959	77.536	84.224	87.512
25818459	115.196	248.437	4043.456	84.141	90.129	92.648
25818460	128.278	278.833	3896.552	89.598	98.745	103.166
25818461	164.677	301.380	4296.182	129.831	137.241	140.153
25818462	22.267	107.288	63.253	10.717	14.976	15.407
25818463	141.583	331.619	4006.965	95.214	103.472	108.133
25818464	155.611	345.509	4320.457	107.428	119.504	123.562
25818465	104.652	261.957	4187.618	69.645	75.775	79.591
25818466	121.850	247.821	4069.562	86.388	94.028	96.307
25818467	63.748	164.962	159.168	37.448	41.967	42.852
25818468	23.715	50.038	65.972	16.927	17.542	18.202
25818469	152.525	354.431	4542.608	141.892	115.881	119.379
25818470	46.568	138.155	115.364	43.443	31.727	32.707
25818471	132.148	340.633	4278.497	103.011	100.479	101.971
25818472	128.845	338.771	3975.939	91.927	97.756	99.803
25818473	101.447	252.978	4133.602	71.351	77.942	81.806
25818474	114.456	251.544	3942.417	81.807	85.609	88.166
25818475	47.536	125.165	121.721	26.224	31.246	34.123
25818476	124.383	429.860	257.896	78.359	89.750	91.712
25818477	38.581	127.612	101.340	20.981	25.257	26.274
25818478	163.510	389.641	330.066	103.074	118.695	121.164
25818479	54.341	168.858	130.742	29.779	36.633	37.409
25818480	115.621	360.042	3973.666	72.888	82.244	85.721
25818481	77.477	230.455	165.565	48.578	55.205	56.187
25818482	77.022	229.241	200.879	48.054	51.357	52.824
25818483	96.454	293.680	220.237	62.063	71.331	73.243
25818484	77.029	207.745	176.657	47.434	55.326	56.574
25818485	42.007	99.197	113.026	24.726	27.963	29.734
25818486	84.539	248.012	205.457	50.843	57.574	58.409
25818487	86.165	261.623	209.679	52.467	60.498	63.026
25818488	78.706	238.736	163.561	49.700	55.767	56.680
25818489	122.337	334.110	250.218	81.386	90.690	92.482
25818490	85.964	262.869	201.455	51.432	58.958	80.741
25818491	86.200	269.770	212.579	52.358	61.080	61.684
25818492	95.341	288.082	244.549	56.672	65.838	66.819
25818493	97.308	226.773	207.183	61.364	71.445	72.691
25818494	80.426	237.401	169.929	46.797	54.079	55.314
25818495	61.969	167.689	152.575	34.926	42.041	43.250
25818496	116.640	388.417	280.283	70.202	84.688	86.122
25818497	55.750	178.973	121.452	34.301	41.049	41.433
25818498	111.716	288.590	4069.967	68.660	78.562	80.588
25818499	78.256	213.020	187.101	46.309	54.025	54.768
25818500	73.954	230.004	4043.112	44.352	50.826	51.643
25818501	70.991	190.788	177.223	42.179	49.097	49.530
25818502	83.082	246.091	193.060	51.500	58.602	60.436
25818503	82.393	278.436	207.956	45.917	55.412	56.875
25818504	79.536	230.290	192.971	45.726	55.785	57.472
25818505	81.727	219.966	214.187	45.967	54.438	55.524
25818506	84.135	196.998	193.585	49.244	58.933	60.830
25818507	26.878	104.646	61.013	13.452	16.498	18.127
25818508	144.827	421.238	319.417	88.360	104.134	105.717
25818509	73.485	202.908	172.594	44.184	50.379	53.261
25818510	68.467	211.624	145.838	45.149	51.240	55.972
25818511	92.509	229.921	210.449	51.143	61.105	63.350
25818512	27.648	64.153	111.131	16.598	20.793	21.833
25818513	118.525	323.120	243.284	67.761	79.607	80.497
25818514	28.954	73.647	68.704	20.166	21.888	25.272
25818515	73.458	228.996	4229.626	43.895	51.067	52.374
25818516	159.616	498.692	336.374	103.102	117.951	120.436
25818517	74.022	200.317	177.526	44.049	52.157	53.499
25818518	92.603	241.841	202.000	57.628	65.666	68.347
25818519	74.360	230.459	4459.937	48.636	54.146	56.824
25818520	98.654	301.259	204.025	59.912	71.324	72.579
25818521	47.637	148.811	117.741	26.531	30.724	32.257
25818522	98.136	265.448	203.809	61.039	71.849	75.006
25818523	38.299	120.884	100.568	20.609	24.689	27.101
25818524	42.007	146.194	114.023	20.257	26.111	27.183
25818525	69.189	246.650	172.750	33.851	45.461	46.887
25818526	84.166	230.048	194.337	54.088	62.064	64.885
25818527	64.235	234.053	152.997	33.479	44.536	46.847
25818528	9.372	38.954	24.683	4.089	6.042	6.444
25818529	189.380	652.656	424.912	93.858	126.850	127.432
25818530	192.026	740.417	368.530	119.988	146.886	150.054
25818531	126.295	483.855	304.184	63.913	84.216	86.474
25818532	94.844	331.607	222.101	47.709	60.683	61.293
25818533	115.861	368.081	216.505	75.192	89.825	92.945
25818534	155.792	545.030	311.839	84.559	112.097	113.909
25818535	232.211	538.553	4063.728	227.716	177.036	178.315
25818536	84.971	243.756	191.545	50.591	61.004	60.790
25818537	197.691	552.587	352.650	146.512	149.722	151.018
25818538	190.290	498.670	403.056	121.695	132.459	136.272
25818539	157.118	565.525	329.833	103.339	116.673	118.670
25818540	163.404	478.570	344.631	109.386	117.553	133.139
25818541	102.724	327.310	253.020	63.317	70.868	72.872
25818542	56.481	168.330	114.866	39.389	40.650	41.079
25818543	113.026	353.621	227.918	73.828	78.837	79.738
25818544	51.755	170.541	168.716	32.617	34.392	35.806
25818545	211.825	721.967	369.310	141.784	155.111	156.327
25818546	172.898	446.320	364.976	119.205	126.030	130.366
25818547	84.083	165.611	145.883	69.187	68.248	77.249
25818548	213.667	680.356	399.787	153.652	163.425	166.634
25818549	113.799	312.173	266.684	79.765	82.127	83.591
25818550	18.855	50.034	52.652	12.799	12.929	13.740
25818551	135.067	450.586	4302.511	86.775	98.151	105.540
25818552	47.272	159.199	130.116	28.938	31.432	31.957
25818553	125.322	331.449	276.656	77.766	87.819	93.591
25818554	143.467	390.735	322.803	97.267	101.762	105.316
25818555	95.529	310.729	214.826	61.954	63.831	65.415
25818556	61.363	206.271	140.641	37.925	40.356	42.655
25818557	76.601	224.305	4107.433	49.249	52.740	55.898
25818558	54.666	155.149	127.402	35.974	39.272	39.883
25818559	134.467	363.941	300.848	88.751	94.689	96.709
25818560	75.681	213.024	192.821	47.961	51.484	55.661
25818561	38.767	98.218	88.341	22.628	25.005	27.495
25818562	51.602	169.092	129.563	28.432	33.087	33.310
25818563	159.710	434.350	344.368	110.861	119.415	123.050
25818564	50.988	142.095	123.707	32.441	35.188	36.250
25818565	49.043	180.190	136.298	28.302	32.774	34.191
25818566	196.685	464.323	4600.873	130.221	141.329	141.076
25818567	52.074	159.479	130.277	31.663	35.699	36.638
25818568	107.510	270.506	245.212	71.861	82.479	83.231
25818569	71.905	163.864	164.119	47.926	51.978	64.238
25818570	64.482	131.329	4080.958	56.361	54.595	57.493
25818571	143.000	481.358	313.195	86.962	99.970	101.617
25818572	117.867	343.761	4337.480	81.586	88.364	90.121
25818573	120.922	293.547	4180.927	95.754	98.304	101.222
25818574	181.907	450.174	4199.716	141.038	146.794	151.646
25818575	70.844	203.701	149.562	45.002	47.869	49.708
25818576	104.700	241.626	4404.274	84.325	87.463	90.863
25818577	81.200	216.304	185.018	52.241	56.030	65.013
25818578	152.917	349.942	4106.550	118.534	122.176	125.468
25818579	128.217	330.714	4433.658	96.575	100.113	102.868
25818580	99.039	278.829	4007.289	74.898	78.320	80.047
25818581	62.328	218.233	143.335	35.990	39.755	40.805
25818582	93.168	295.890	222.024	63.509	68.957	70.677
25818583	54.582	145.781	137.452	34.325	37.228	39.475
25818584	131.443	325.475	4063.375	94.393	103.032	105.751
25818585	56.841	212.040	141.438	30.409	36.677	39.954
25818586	77.760	304.186	188.895	46.594	54.362	55.581
25818587	44.793	190.913	121.376	23.770	28.887	29.793
25818588	132.433	432.492	4401.619	83.444	93.878	95.760
25818589	76.567	175.181	163.645	59.541	61.702	64.089
25818590	121.795	381.643	265.100	77.978	88.073	89.492
25818591	150.691	386.589	4344.476	111.046	120.295	123.796
25818592	110.673	342.699	4184.173	77.210	86.363	89.359
25818593	150.614	377.600	338.769	101.665	111.479	115.136
25818594	67.509	231.174	163.591	42.491	46.158	49.524
25818595	255.261	477.402	4414.520	219.074	225.467	233.593
25818596	84.086	276.732	188.091	51.534	57.481	59.725
25818597	121.882	339.359	4423.494	89.004	94.728	97.560
25818598	76.471	302.036	195.711	44.664	54.027	56.840
25818599	102.944	307.172	241.321	68.479	74.565	122.485
25818600	105.016	298.110	4531.856	67.464	75.444	78.954
25818601	36.654	92.725	92.225	22.245	24.284	25.897
25818602	92.067	214.705	204.190	59.944	64.396	65.428
25818603	30.050	88.469	79.637	17.536	18.982	31.268
25818604	142.752	476.705	308.427	96.576	106.026	108.471
25818605	86.265	194.329	182.077	59.412	63.387	68.698
25818606	94.083	261.843	225.707	58.783	64.387	68.843
25818607	89.931	249.498	4288.063	56.891	64.179	65.353
25818608	63.695	196.150	159.559	40.795	43.481	45.426
25818609	98.370	261.457	279.307	63.423	76.534	77.463
25818610	63.706	216.531	169.890	37.894	41.589	43.517
25818611	71.189	164.366	177.094	47.646	51.214	53.828
25818612	95.720	196.784	4187.571	72.402	75.352	76.533
25818613	72.923	209.888	4281.406	46.756	49.962	51.984
25818614	162.752	521.837	332.947	109.614	119.025	119.789
25818615	41.804	121.948	89.632	27.620	29.271	31.994
25818616	44.695	107.233	117.164	32.051	34.215	37.361
25818617	69.341	284.692	186.560	36.410	47.014	47.279
25818618	73.992	148.322	4290.653	59.160	62.010	62.760
25818619	206.759	613.990	398.788	137.227	152.200	153.321
25818620	66.064	171.454	4177.020	42.450	46.453	48.231
25818621	58.698	175.346	164.043	34.039	38.239	40.154
25818622	72.245	283.954	188.130	39.727	49.037	50.101
25818623	165.163	400.241	354.174	116.650	127.647	133.907
25818624	175.068	540.245	363.906	114.560	126.486	169.224
25818625	164.720	403.236	4465.752	119.400	132.454	178.913
25818626	16.790	33.547	45.736	11.828	11.997	20.785
25818627	56.185	216.968	133.512	31.321	36.835	39.078
25818628	152.869	394.536	318.849	102.585	111.068	115.416
25818629	148.123	320.644	4309.104	105.615	115.523	121.113
25818630	125.857	374.326	262.744	80.667	89.992	95.451
25818631	52.552	127.295	126.320	31.433	35.871	38.264
25818632	110.350	279.583	246.463	67.935	76.882	80.575
25818633	79.284	182.804	190.163	54.839	59.558	92.781
25818634	85.116	210.958	205.400	52.668	57.390	60.752
25818635	75.857	239.486	185.328	49.675	52.617	52.581
25818636	74.306	207.485	167.740	48.847	51.270	51.580
25818637	85.259	228.881	200.603	54.106	58.109	58.016
25818638	86.292	260.125	200.253	52.839	57.922	57.799
25818639	91.634	222.931	211.185	63.325	65.824	65.827
25818640	80.088	274.412	193.092	52.299	55.318	54.844
25818641	57.945	140.920	140.181	38.389	41.015	41.052
25818642	88.523	275.211	199.700	56.683	62.021	61.345
25818643	54.258	178.495	4232.537	34.353	37.226	37.159
25818644	123.193	456.305	274.676	80.929	88.689	88.593
25818645	122.590	343.133	271.449	78.651	84.749	84.114
25818646	101.129	272.072	4485.103	72.744	76.509	100.948
25818647	160.034	417.089	4456.884	124.737	129.319	128.916
25818648	76.588	218.581	173.964	49.135	53.818	53.463
25818649	110.216	310.332	221.392	71.150	76.935	76.156
25818650	48.568	172.369	127.760	29.002	31.616	31.657
25818651	34.934	124.105	98.014	20.110	21.343	21.412
25818652	70.953	121.067	4314.166	58.845	59.735	60.225
25818653	128.744	358.294	4398.097	89.297	96.272	95.438
25818654	208.198	619.748	4692.646	151.708	159.082	157.442
25818655	94.623	233.012	199.980	65.468	68.513	68.253
25818656	85.417	314.144	4621.075	53.491	58.184	58.033
25818657	33.065	97.768	88.655	19.821	22.099	22.423
25818658	108.277	262.268	257.577	72.620	75.556	75.508
25818659	44.161	167.453	115.812	26.300	29.749	29.931
25818660	126.141	283.831	264.556	86.643	91.198	92.527
25818661	84.859	225.553	191.911	50.508	56.384	57.876
25818662	79.039	241.046	186.344	50.802	54.815	56.133
25818663	79.345	270.950	199.442	50.673	55.405	56.364
25818664	107.802	321.330	244.388	71.736	79.993	81.384
25818665	105.340	263.542	4101.463	69.858	75.775	77.421
25818666	81.297	230.930	187.696	55.792	59.953	62.090
25818667	17.047	48.929	50.931	11.286	11.022	12.122
25818668	110.195	293.430	264.745	71.749	77.530	79.191
25818669	81.754	207.847	195.775	52.954	55.739	56.695
25818670	69.685	227.514	164.432	44.922	47.314	49.078
25818671	65.464	171.138	155.647	39.018	42.960	44.546
25818672	38.976	109.089	117.648	22.656	25.067	26.331
25818673	136.246	338.999	300.240	92.931	104.733	107.957
25818674	70.085	222.179	201.628	43.669	49.269	51.201
25818675	9.461	28.434	35.292	6.143	6.198	7.046
25818676	125.262	323.904	314.118	85.397	92.609	93.816
25818677	74.188	217.155	176.718	48.289	51.167	54.556
25818678	31.366	100.494	99.183	17.777	19.712	20.663
25818679	38.605	122.737	100.947	21.091	24.115	25.068
25818680	115.145	263.179	4226.814	73.962	80.167	84.251
25818681	121.627	283.924	292.005	85.089	89.259	93.111
25818682	62.040	183.244	151.906	36.933	40.156	41.567
25818683	87.167	248.141	205.026	56.351	60.279	62.735
25818684	34.907	125.227	96.059	20.340	22.069	23.117
25818685	152.657	375.374	335.461	98.517	109.329	111.625
25818686	85.841	296.330	230.769	52.503	61.095	63.785
25818687	84.901	236.709	198.699	52.307	58.107	60.006
25818688	91.962	282.305	211.513	58.097	65.196	66.780
25818689	11.865	36.189	41.453	7.513	7.007	7.648
25818690	71.854	265.099	210.149	42.013	61.388	62.830
25818691	167.565	384.269	359.561	115.944	125.837	129.325
25818692	80.546	281.393	188.639	49.450	54.853	57.273
25818693	77.120	256.770	4219.575	46.987	52.230	54.288
25818694	64.520	192.151	153.520	40.320	44.965	46.924
25818695	33.609	130.280	95.247	19.480	22.229	23.380
25818696	82.696	200.524	201.901	52.935	57.844	61.899
25818697	29.671	69.449	99.522	19.375	19.934	22.452
25818698	63.538	251.954	165.312	37.911	43.701	62.396
25818699	149.315	443.932	305.604	103.472	112.405	113.964
25818700	159.442	385.693	311.831	119.005	124.450	125.159
25818701	75.221	227.373	182.493	46.786	52.665	53.012
25818702	74.670	258.847	195.886	46.452	53.226	53.871
25818703	107.024	331.847	256.747	65.121	77.328	77.061
25818704	69.107	191.640	163.822	44.816	47.835	48.888
25818705	116.994	326.551	268.131	71.316	81.629	82.561
25818706	114.838	294.869	4239.837	80.589	85.867	87.444
25818707	113.116	371.167	4374.898	75.462	88.508	89.120
25818708	118.469	326.545	4330.489	84.065	97.519	97.498
25818709	102.741	347.768	250.320	59.254	69.006	68.605
25818710	87.494	348.684	206.078	49.631	60.796	60.323
25818711	109.575	290.885	4225.886	77.390	82.871	83.333
25818712	233.862	644.484	4418.255	167.782	179.749	182.332
25818713	55.309	106.547	4301.223	48.986	49.410	66.334
25818714	61.146	133.448	4298.864	52.925	53.059	91.007
25818715	199.521	580.141	4129.804	138.198	152.314	156.269
25818716	47.155	133.909	128.870	26.264	29.525	30.466
25818717	190.704	438.701	426.655	126.557	138.757	143.336
25818718	127.640	258.292	4349.553	100.210	103.695	107.548
25818719	115.026	281.287	4333.392	82.316	86.816	89.173
25818720	143.269	310.615	4277.530	103.514	111.017	114.221
25818721	90.977	190.113	4208.897	68.282	72.114	74.281
25818722	131.801	297.558	4319.604	93.360	100.858	102.820
25818723	17.095	49.759	58.880	10.684	11.252	12.502
25818724	80.363	272.498	187.482	46.712	54.232	55.611
25818725	69.665	260.843	171.842	40.176	47.087	49.793
25818726	173.988	501.697	4141.319	124.080	131.796	134.880
25818727	167.229	376.479	4577.120	121.816	129.072	131.951
25818728	34.659	113.731	93.560	19.312	21.917	22.786
25818729	194.223	431.998	4499.293	144.450	154.762	156.757
25818730	115.440	272.561	4259.216	82.241	88.253	89.279
25818731	134.306	381.222	4462.117	95.289	103.025	104.043
25818732	114.498	230.486	4487.466	92.674	94.876	96.354
25818733	99.015	222.294	4412.386	70.707	74.989	76.601
25818734	45.731	121.797	4157.470	28.046	30.532	33.191
25818735	128.740	354.311	4448.576	91.451	99.683	100.551
25818736	104.805	294.047	4283.552	71.044	79.611	80.702
25818737	120.477	220.634	4244.446	89.044	96.570	98.039
25818738	49.645	121.398	119.741	28.649	33.891	34.926
25818739	128.000	316.260	288.275	77.249	90.251	143.243
25818740	72.871	213.690	186.068	42.540	50.968	52.938
25818741	23.334	75.954	66.121	11.535	14.281	15.327
25818742	35.399	96.332	105.910	20.908	23.596	24.973
25818743	160.371	423.310	354.000	96.286	115.637	180.623
25818744	109.869	261.107	4259.294	64.618	76.803	79.526
25818745	87.698	283.536	219.153	47.434	56.692	60.595
25818746	19.231	45.709	63.182	11.960	12.705	22.362
25818747	135.310	350.705	298.095	84.986	96.634	100.252
25818748	72.674	177.028	4186.223	46.614	52.989	62.216
25818749	85.516	296.502	201.302	53.697	62.844	64.501
25818750	58.992	180.020	165.105	33.212	42.035	43.318
25818751	78.565	244.593	192.396	43.336	52.616	53.714
25818752	65.973	166.650	150.258	39.418	45.883	72.890
25818753	74.880	229.165	172.608	42.421	50.880	53.471
25818754	79.171	186.175	190.819	50.213	57.397	59.143
25818755	63.376	156.265	161.884	36.982	43.450	45.492
25818756	14.107	32.877	41.126	9.161	9.492	10.325
25818757	24.937	60.221	66.610	16.570	18.421	19.382
25818758	173.825	418.497	4485.898	103.469	121.473	124.942
25818759	86.678	249.783	165.473	58.511	68.883	70.903
25818760	91.727	325.611	214.841	48.733	58.157	60.946
25818761	112.234	244.539	4574.144	77.630	86.868	89.935
25818762	52.572	135.578	131.074	28.541	33.276	37.530
25818763	197.960	452.570	4349.978	153.656	163.512	192.986
25818764	130.169	318.037	4441.558	88.708	99.876	104.650
25818765	53.562	162.451	122.649	29.073	34.709	55.665
25818766	223.865	460.610	4635.081	165.623	182.951	190.910
25818767	71.468	240.909	178.918	39.525	47.329	76.724
25818768	109.242	260.406	246.790	64.248	75.651	88.577
25818769	47.067	169.625	113.232	24.440	29.786	32.027
25818770	72.203	179.062	4240.800	50.022	54.395	56.772
25818771	248.759	551.904	4499.081	177.617	195.842	200.509
25818772	111.203	288.709	4546.584	74.510	83.574	86.625
25818773	92.974	219.494	225.820	55.988	64.021	66.449
25818774	44.414	149.674	115.891	24.405	29.316	46.761
25818775	98.957	244.642	221.510	60.740	69.861	100.620
25818776	20.333	76.941	49.531	9.582	12.117	13.399
25818777	96.307	234.372	222.015	58.060	67.900	71.035
25818778	125.412	307.863	4469.545	81.809	92.336	96.590
25818779	96.974	308.360	231.080	56.984	67.193	71.750
25818780	61.898	192.182	145.683	33.278	40.653	43.952
25818781	102.467	311.935	229.306	64.122	74.525	78.584
25818782	51.142	182.340	129.011	26.555	32.203	35.175
25818783	99.671	277.204	245.815	59.663	70.373	74.550
25818784	87.974	215.187	4339.152	61.562	67.974	71.024
25818785	91.822	199.457	4265.814	64.812	71.332	74.120
25818786	100.361	221.235	4359.811	70.196	77.269	118.901
25818787	42.427	135.357	110.771	22.292	26.703	29.227
25818788	211.925	408.128	4298.573	168.401	181.957	189.608
25818789	101.791	285.313	4344.790	72.797	81.500	85.449
25818790	133.310	307.827	4250.419	88.725	100.990	105.170
25818791	78.443	214.026	182.155	49.254	56.564	93.168
25818792	82.251	213.055	202.716	49.118	58.440	84.352
25818793	89.536	264.533	4243.129	49.792	59.565	62.371
25818794	63.166	185.637	142.909	38.987	43.884	48.353
25818795	100.163	256.126	242.303	63.553	74.488	120.248
25818796	55.806	160.932	149.205	31.245	36.474	39.089
25818797	74.802	216.455	192.098	45.940	51.942	55.224
25818798	68.290	218.930	158.087	41.561	47.374	76.823
25818799	61.116	138.966	162.969	35.459	39.915	66.314
25818800	102.390	256.056	4069.535	70.552	78.564	88.709
25818801	96.298	232.503	4325.111	69.398	76.780	80.394
25818802	80.889	193.799	4446.672	61.714	67.450	112.060
25818803	98.770	223.328	4416.107	68.766	75.575	88.970
25818804	108.686	256.179	4431.028	72.024	80.319	85.217
25818805	120.464	294.986	4353.981	79.813	90.751	94.440
25818806	66.454	180.102	4429.185	46.170	50.730	87.951
25818807	70.610	185.634	169.544	38.151	45.904	49.245
25818808	145.967	333.781	4569.784	116.326	125.297	129.323
25818809	157.064	429.064	4361.711	98.414	115.032	119.251
25818810	70.798	148.805	4156.421	49.304	54.087	56.682
25818811	47.214	148.969	115.991	24.674	31.105	33.376
25818812	86.289	322.442	195.287	43.076	58.518	93.340
25818813	201.633	362.566	4424.713	154.695	167.793	184.456
25818814	100.253	337.160	216.307	59.344	71.064	74.825
25818815	119.863	401.580	4407.331	71.473	90.433	94.666
25818816	73.530	270.486	183.709	40.144	49.300	52.094
25818817	243.294	634.474	4709.051	168.228	190.687	253.779
25818818	46.989	143.041	109.710	28.846	32.606	35.646
25818819	217.247	499.718	4458.344	158.201	176.818	182.887
25818820	151.864	331.525	4404.262	111.384	122.869	165.731
25818821	27.871	80.733	75.181	14.921	17.363	29.150
25818822	140.823	422.846	4484.192	90.528	106.293	110.999
25818823	22.771	53.680	74.585	13.788	15.146	27.856
25818824	170.992	423.492	4508.485	109.673	129.282	135.473
25818825	103.036	276.825	222.164	61.408	71.739	75.372
25818826	68.845	212.773	161.128	36.281	44.999	47.862
25818827	103.674	281.777	230.889	66.280	74.687	131.380
25818828	84.666	216.374	202.633	48.576	57.789	61.072
25818829	87.605	207.870	4240.778	62.709	72.324	76.202
25818830	148.135	392.349	4135.884	100.235	114.402	118.846
25818831	21.727	69.827	54.742	12.477	14.241	26.265
25818832	35.113	143.298	86.312	16.585	22.869	38.136
25818833	47.671	123.930	117.091	24.700	31.446	34.525
25818834	48.398	135.105	135.069	25.456	31.444	49.988
